unix_timestamp,esc_data
1784521425.535358,-2,3,-4,3,15630,9517,8189,17917,3094650,3094651,3094653,3094654,0,0,0,0
1784521425.535358,3,1,3,2,15626,9521,8192,17912,3094710,3094711,3094713,3094714,0,0,0,0
1784521425.7429686,3,-1,-4,-1,15626,9519,8191,17913,3094770,3094771,3094773,3094774,0,0,0,0
1784521425.7429686,1,-4,1,-3,15629,9519,8191,17914,3094830,3094831,3094833,3094834,0,0,0,0
1784521425.944299,-4,0,4,0,15626,9520,8191,17912,3094854,3094855,3094857,3094858,0,0,0,0
1784521425.944299,3,0,-4,2,15624,9522,8193,17910,3094890,3094891,3094893,3094894,0,0,0,0
1784521425.957838,1,-2,4,-1,15627,9518,8191,17914,3094950,3094951,3094953,3094954,0,0,0,0
1784521426.1386294,5,1,0,9,15627,9519,8191,17914,3094986,3094987,3094989,3094990,0,0,0,0
1784521426.1456387,2,-1,3,-2,15620,9526,8198,17906,3095070,3095071,3095073,3095074,0,0,0,0
1784521426.3540294,-1,0,-3,2,15622,9524,8194,17910,3095130,3095131,3095133,3095134,0,0,0,0
1784521426.3606982,0,-3,2,-1,15627,9520,8190,17913,3095166,3095167,3095169,3095170,0,0,0,0
1784521426.3606982,0,-3,-6,4,15629,9519,8191,17915,3095190,3095191,3095193,3095194,0,0,0,0
1784521426.549653,4,2,-5,1,15626,9522,8193,17911,3095226,3095227,3095229,3095230,0,0,0,0
1784521426.5653994,0,-3,-10,8,15663,9491,8162,17949,3095250,3095251,3095253,3095254,0,0,0,0
1784521426.5653994,21,-23,-28,25,16325,8857,7498,18707,3095310,3095311,3095313,3095314,0,0,0,0
1784521426.75968,36,-30,6,23,17285,7911,6591,19662,3095346,3095347,3095349,3095350,0,0,0,0
1784521426.75968,22,-31,-26,34,19013,6251,4876,21401,3095406,3095407,3095409,3095410,0,0,0,0
1784521426.7754588,20,-21,-21,19,19525,5721,4410,21892,3095430,3095431,3095433,3095434,0,0,0,0
1784521426.972032,15,-15,-13,13,20795,4558,3225,23117,3095538,3095539,3095541,3095542,0,0,0,0
1784521426.9858177,14,-14,-15,12,21089,4258,2925,23429,3095562,3095563,3095565,3095566,0,0,0,0
1784521427.1452389,26,-25,-25,20,23229,2217,890,25533,3095658,3095659,3095661,3095662,0,0,0,0
1784521427.1871874,24,-21,-24,22,23709,1737,336,26048,3095682,3095683,3095685,3095686,0,0,0,0
1784521427.381636,10,-12,-3,9,25299,193,31606,27655,3095778,3095779,3095781,3095782,0,0,0,0
1784521427.381636,6,-23,-16,14,25678,32582,31237,28036,3095814,3095815,3095817,3095818,0,0,0,0
1784521427.5904176,24,-24,-32,25,27304,31029,29621,29705,3095898,3095899,3095901,3095902,0,0,0,0
1784521427.5970347,17,-19,-19,22,28066,30225,28888,30505,3095934,3095935,3095937,3095938,0,0,0,0
1784521427.7768312,22,-22,-26,25,28585,29768,28372,30996,3095958,3095959,3095961,3095962,0,0,0,0
1784521427.7926984,12,-18,-19,16,29803,28540,27150,32197,3096030,3096031,3096033,3096034,0,0,0,0
1784521427.7926984,11,-15,-9,14,30109,28160,26868,32500,3096054,3096055,3096057,3096058,0,0,0,0
1784521427.9853337,19,-17,-19,20,30988,27340,25975,634,3096114,3096115,3096117,3096118,0,0,0,0
1784521428.0015209,19,-15,-24,29,32229,26215,24758,1877,3096174,3096175,3096177,3096178,0,0,0,0
1784521428.1429293,23,-21,-19,21,117,25560,24141,2616,3096210,3096211,3096213,3096214,0,0,0,0
1784521428.1599908,17,-17,-25,21,1271,24395,22993,3694,3096270,3096271,3096273,3096274,0,0,0,0
1784521428.20687,15,-19,-19,16,1759,24006,22552,4097,3096294,3096295,3096297,3096298,0,0,0,0
1784521428.4002383,19,-24,-16,20,3631,22089,20763,5967,3096414,3096415,3096417,3096418,0,0,0,0
1784521428.5062885,23,-24,-27,24,5004,20814,19351,7440,3096486,3096487,3096489,3096490,0,0,0,0
1784521428.5585139,22,-24,-24,7,5520,20331,18874,7891,3096510,3096511,3096513,3096514,0,0,0,0
1784521428.596882,23,-17,-26,24,6183,19606,18193,8601,3096546,3096547,3096549,3096550,0,0,0,0
1784521428.8081717,18,-17,-17,16,6657,19218,17759,9051,3096570,3096571,3096573,3096574,0,0,0,0
1784521428.8081717,19,-14,-18,23,7568,18366,16899,9972,3096630,3096631,3096633,3096634,0,0,0,0
1784521428.8240285,14,-22,-9,16,8138,17752,16322,10520,3096666,3096667,3096669,3096670,0,0,0,0
1784521428.8556895,18,-15,-17,21,8575,17358,15946,10960,3096690,3096691,3096693,3096694,0,0,0,0
1784521429.0162008,25,-18,-24,27,9847,16174,14672,12234,3096762,3096763,3096765,3096766,0,0,0,0
1784521429.0162008,18,-26,-22,16,10320,15688,14215,12687,3096786,3096787,3096789,3096790,0,0,0,0
1784521429.1587648,14,-21,-15,16,11715,14310,12796,14097,3096858,3096859,3096861,3096862,0,0,0,0
1784521429.2223132,21,-22,-13,15,12107,13959,12481,14522,3096882,3096883,3096885,3096886,0,0,0,0
1784521429.2223132,18,-27,-14,15,12665,13405,11971,15074,3096918,3096919,3096921,3096922,0,0,0,0
1784521429.4149945,17,-17,-12,13,13680,12501,10990,16035,3096978,3096979,3096981,3096982,0,0,0,0
1784521429.439523,21,-20,-19,19,14690,11493,9972,17075,3097038,3097039,3097041,3097042,0,0,0,0
1784521429.6353076,22,-27,-19,23,15365,10711,9304,17760,3097074,3097075,3097077,3097078,0,0,0,0
1784521429.6436245,17,-9,-18,15,16993,9307,7734,19403,3097158,3097159,3097161,3097162,0,0,0,0
1784521429.8389006,16,-21,-20,14,17525,8739,7191,19915,3097194,3097195,3097197,3097198,0,0,0,0
1784521429.8389006,14,-21,-14,15,17923,8318,6834,20312,3097218,3097219,3097221,3097222,0,0,0,0
1784521429.8399072,14,-15,-24,20,18549,7798,6243,20933,3097254,3097255,3097257,3097258,0,0,0,0
1784521429.8470364,19,-21,-11,19,18915,7394,5803,21346,3097278,3097279,3097281,3097282,0,0,0,0
1784521430.0408907,21,-17,-18,13,19574,6787,5191,21987,3097314,3097315,3097317,3097318,0,0,0,0
1784521430.0455382,20,-23,-23,16,20736,5572,4076,23144,3097374,3097375,3097377,3097378,0,0,0,0
1784521430.0455382,21,-23,-18,20,21180,5146,3593,23584,3097398,3097399,3097401,3097402,0,0,0,0
1784521430.1688442,20,-13,-17,15,21833,4548,3010,24288,3097434,3097435,3097437,3097438,0,0,0,0
1784521430.1688442,18,-19,-14,16,22217,4158,2596,24633,3097458,3097459,3097461,3097462,0,0,0,0
1784521430.176074,15,-14,-17,20,22845,3483,2050,25236,3097494,3097495,3097497,3097498,0,0,0,0
1784521430.2435565,11,-15,-19,21,23249,3183,1686,25613,3097518,3097519,3097521,3097522,0,0,0,0
1784521430.4538007,18,-20,-25,18,24191,2204,680,26692,3097578,3097579,3097581,3097582,0,0,0,0
1784521430.4587002,20,-12,-22,14,25556,857,32086,28027,3097650,3097651,3097653,3097654,0,0,0,0
1784521430.657789,20,-23,-18,20,25979,450,31639,28484,3097674,3097675,3097677,3097678,0,0,0,0
1784521430.657789,17,-19,-21,19,27693,31544,30000,30163,3097770,3097771,3097773,3097774,0,0,0,0
1784521430.8592274,16,-19,-23,18,28079,31185,29602,30529,3097794,3097795,3097797,3097798,0,0,0,0
1784521430.8592274,-1,-17,-24,19,29113,30168,28659,31543,3097854,3097855,3097857,3097858,0,0,0,0
1784521430.8592274,17,-20,-17,21,29744,29499,27947,32216,3097890,3097891,3097893,3097894,0,0,0,0
1784521430.924459,18,-17,-24,24,30179,29067,27490,32647,3097914,3097915,3097917,3097918,0,0,0,0
1784521430.9563465,23,-26,-15,20,30849,28356,26838,604,3097950,3097951,3097953,3097954,0,0,0,0
1784521431.0522428,17,-17,-18,17,31545,27771,26290,1174,3097986,3097987,3097989,3097990,0,0,0,0
1784521431.0522428,16,-24,-16,19,31940,27396,25831,1582,3098010,3098011,3098013,3098014,0,0,0,0
1784521431.174317,16,-14,-17,11,32517,26793,25253,2225,3098046,3098047,3098049,3098050,0,0,0,0
1784521431.1900094,21,-17,-17,23,275,26243,24655,2808,3098082,3098083,3098085,3098086,0,0,0,0
1784521431.270089,21,-21,-19,17,744,25875,24306,3219,3098106,3098107,3098109,3098110,0,0,0,0
1784521431.270089,22,-15,-23,21,1357,25242,23644,3804,3098142,3098143,3098145,3098146,0,0,0,0
1784521431.4754148,17,-29,-16,17,1841,24774,23194,4268,3098166,3098167,3098169,3098170,0,0,0,0
1784521431.477421,20,-14,-17,21,3560,23148,21537,6000,3098262,3098263,3098265,3098266,0,0,0,0
1784521431.6771364,21,-13,-18,11,5623,21088,19521,8053,3098382,3098383,3098385,3098386,0,0,0,0
1784521431.8836663,24,-21,-20,21,6263,20441,18835,8791,3098418,3098419,3098421,3098422,0,0,0,0
1784521431.8836663,15,-20,-16,13,7821,18881,17349,10329,3098502,3098503,3098505,3098506,0,0,0,0
1784521432.0924082,22,-16,-18,19,8428,18350,16772,10939,3098538,3098539,3098541,3098542,0,0,0,0
1784521432.094403,22,-22,-15,18,9859,16963,15318,12352,3098622,3098623,3098625,3098626,0,0,0,0
1784521432.1749923,26,-27,-21,20,11164,15667,14078,13701,3098694,3098695,3098697,3098698,0,0,0,0
1784521432.2910197,24,-16,-18,21,12051,14808,13159,14591,3098742,3098743,3098745,3098746,0,0,0,0
1784521432.4994626,18,-19,-15,17,13758,13157,11674,16194,3098838,3098839,3098841,3098842,0,0,0,0
1784521432.4994626,20,-17,-22,20,14290,12607,11050,16786,3098874,3098875,3098877,3098878,0,0,0,0
1784521432.698248,22,-22,-20,20,14737,12235,10573,17217,3098898,3098899,3098901,3098902,0,0,0,0
1784521432.698248,21,-25,-17,19,15850,11151,9534,18391,3098958,3098959,3098961,3098962,0,0,0,0
1784521432.7138934,23,-17,-20,20,16447,10450,8938,18981,3098994,3098995,3098997,3098998,0,0,0,0
1784521432.9038773,25,-17,-22,22,16900,10109,8457,19431,3099018,3099019,3099021,3099022,0,0,0,0
1784521432.9038773,18,-15,-14,18,17523,9469,7839,20018,3099054,3099055,3099057,3099058,0,0,0,0
1784521432.9038773,24,-13,-16,20,17981,9091,7453,20504,3099078,3099079,3099081,3099082,0,0,0,0
1784521432.9200356,18,-12,-13,18,18591,8454,6888,21107,3099114,3099115,3099117,3099118,0,0,0,0
1784521433.1153545,16,-15,-20,14,18953,8073,6521,21512,3099138,3099139,3099141,3099142,0,0,0,0
1784521433.1153545,24,-20,-20,24,19963,7036,5420,22520,3099198,3099199,3099201,3099202,0,0,0,0
1784521433.1153545,16,-18,-23,17,20699,6397,4822,23213,3099234,3099235,3099237,3099238,0,0,0,0
1784521433.1765606,19,-23,-23,20,21721,5354,3760,24330,3099294,3099295,3099297,3099298,0,0,0,0
1784521433.3063176,24,-20,-19,15,22833,4323,2750,25355,3099354,3099355,3099357,3099358,0,0,0,0
1784521433.511395,18,-23,-22,24,23437,3651,2170,25950,3099390,3099391,3099393,3099394,0,0,0,0
1784521433.511395,19,-16,-19,20,23800,3281,1788,26399,3099414,3099415,3099417,3099418,0,0,0,0
1784521433.527357,21,-18,-24,22,24822,2300,758,27454,3099474,3099475,3099477,3099478,0,0,0,0
1784521433.7173598,23,-22,-21,25,26673,534,31748,29212,3099570,3099571,3099573,3099574,0,0,0,0
1784521433.7316754,18,-24,-16,20,27093,67,31347,29700,3099594,3099595,3099597,3099598,0,0,0,0
1784521433.9304962,13,-13,-15,20,28079,31853,30299,30681,3099654,3099655,3099657,3099658,0,0,0,0
1784521433.9304962,14,-12,-9,10,28654,31323,29795,31251,3099690,3099691,3099693,3099694,0,0,0,0
1784521433.9304962,6,-14,-12,13,28945,31060,29528,31495,3099714,3099715,3099717,3099718,0,0,0,0
1784521433.9462564,3,-4,-5,5,29181,30794,29298,31710,3099750,3099751,3099753,3099754,0,0,0,0
1784521434.1403854,-6,-1,-2,-1,29299,30652,29199,31824,3099810,3099811,3099813,3099814,0,0,0,0
1784521434.1423995,-10,2,1,2,29265,30687,29232,31780,3099846,3099847,3099849,3099850,0,0,0,0
1784521434.1898398,0,0,4,-5,29225,30739,29272,31736,3099870,3099871,3099873,3099874,0,0,0,0
1784521434.2059636,-6,-1,3,-5,29164,30808,29331,31675,3099906,3099907,3099909,3099910,0,0,0,0
1784521434.341864,2,-8,-6,1,29112,30873,29383,31625,3099966,3099967,3099969,3099970,0,0,0,0
1784521434.5476484,-1,-3,1,3,29106,30877,29385,31623,3099990,3099991,3099993,3099994,0,0,0,0
1784521434.5476484,-2,2,4,2,29138,30842,29355,31654,3100086,3100087,3100089,3100090,0,0,0,0
1784521434.5476484,-2,-1,-2,1,29137,30842,29355,31654,3100110,3100111,3100113,3100114,0,0,0,0
1784521434.755139,-3,-1,2,1,29128,30862,29370,31644,3100206,3100207,3100209,3100210,0,0,0,0
1784521434.76223,-3,-7,0,1,29130,30858,29368,31647,3100230,3100231,3100233,3100234,0,0,0,0
1784521434.9567862,1,0,0,0,29129,30862,29370,31642,3100350,3100351,3100353,3100354,0,0,0,0
1784521435.1568072,-2,-1,5,1,29128,30862,29372,31644,3100386,3100387,3100389,3100390,0,0,0,0
1784521435.1568072,-5,-6,3,0,29131,30860,29368,31645,3100446,3100447,3100449,3100450,0,0,0,0
1784521435.1667707,0,3,2,-1,29134,30863,29370,31648,3100470,3100471,3100473,3100474,0,0,0,0
1784521435.2777543,-1,1,1,-2,29135,30859,29367,31648,3100506,3100507,3100509,3100510,0,0,0,0
1784521435.3569405,2,-1,0,1,29134,30858,29368,31646,3100542,3100543,3100545,3100546,0,0,0,0
1784521435.3730018,-13,-1,-5,-1,29134,30866,29373,31646,3100566,3100567,3100569,3100570,0,0,0,0
